"","Name","Type","Category","Power","Accuracy","PP","TM","Effect","Probability","Real_Power"
"1","Absorb","GRASS","Special",20,100,25,NA,"User recovers half the HP inflicted on opponent.",NA,20
"2","Acid","POISON","Special",40,100,30,NA,"May lower opponent's Special Defense.",10,40
"3","Acid Armor","POISON","Status",NA,NA,40,NA,"Sharply raises user's Defense.",NA,NA
"4","Acid Spray","POISON","Special",40,100,20,NA,"Sharply lowers opponent's Special Defense.",100,40
"5","Acrobatics","FLYING","Physical",55,100,15,"TM62","Stronger when the user does not have a held item.",NA,55
"6","Acupressure","NORMAL","Status",NA,NA,30,NA,"Sharply raises a random stat.",NA,NA
"7","Aerial Ace","FLYING","Physical",60,NA,20,"TM40","Ignores Accuracy and Evasiveness.",NA,NA
"8","Aeroblast","FLYING","Special",100,95,5,NA,"High critical hit ratio.",NA,95
"9","After You","NORMAL","Status",NA,NA,15,NA,"Gives target priority in the next turn.",NA,NA
"10","Agility","PSYCHIC","Status",NA,NA,30,NA,"Sharply raises user's Speed.",NA,NA
"11","Air Cutter","FLYING","Special",55,95,25,NA,"High critical hit ratio.",NA,52.25
"12","Air Slash","FLYING","Special",75,95,20,NA,"May cause flinching.",30,71.25
"13","Ally Switch","PSYCHIC","Status",NA,NA,15,"TM51","User switches with opposite teammate.",NA,NA
"14","Amnesia","PSYCHIC","Status",NA,NA,20,NA,"Sharply raises user's Special Defense.",NA,NA
"15","AncientPower","ROCK","Special",60,100,5,NA,"May raise all user's stats at once.",10,60
"16","Aqua Jet","WATER","Physical",40,100,20,NA,"User attacks first.",NA,40
"17","Aqua Ring","WATER","Status",NA,NA,20,NA,"Restores a little HP each turn.",NA,NA
"18","Aqua Tail","WATER","Physical",90,90,10,NA,NA,NA,81
"19","Arm Thrust","FIGHTING","Physical",15,100,20,NA,"Hits 25 times in one turn.",NA,15
"20","Aromatherapy","GRASS","Status",NA,NA,5,NA,"Cures all status problems in your party.",NA,NA
"21","Aromatic Mist","FAIRY","Status",NA,100,20,NA,"Raises Special Attack of teammates.",NA,NA
"22","Assist","NORMAL","Status",NA,NA,20,NA,"In a Double Battle, user randomly attacks with a partner's move.",NA,NA
"23","Assurance","DARK","Physical",50,100,10,NA,"Power doubles if opponent already took damage in the same turn.",NA,50
"24","Astonish","GHOST","Physical",30,100,15,NA,"May cause flinching.",30,30
"25","Attack Order","BUG","Physical",90,100,15,NA,"High critical hit ratio.",NA,90
"26","Attract","NORMAL","Status",NA,100,15,"TM45","If opponent is the opposite gender, it's less likely to attack.",NA,NA
"27","Aura Sphere","FIGHTING","Special",90,NA,20,NA,"Ignores Accuracy and Evasiveness.",NA,NA
"28","Aurora Beam","ICE","Special",65,100,20,NA,"May lower opponent's Attack.",10,65
"29","Autotomize","STEEL","Status",NA,NA,15,NA,"Halves weight and sharply raises Speed.",NA,NA
"30","Avalanche","ICE","Physical",60,100,10,NA,"Power doubles if user took damage first.",NA,60
"31","BabyDoll Eyes","FAIRY","Status",NA,100,30,NA,"Always goes first. Lowers the target's attack.",NA,NA
"32","Barrage","NORMAL","Physical",15,85,20,NA,"Hits 25 times in one turn.",NA,12.75
"33","Barrier","PSYCHIC","Status",NA,NA,30,NA,"Sharply raises user's Defense.",NA,NA
"34","Baton Pass","NORMAL","Status",NA,NA,40,NA,"User switches out and gives stat changes to the incoming Pokémon.",NA,NA
"35","Beat Up","DARK","Physical",NA,100,30,NA,"Each Pokémon in your party attacks.",NA,NA
"36","Belch","POISON","Special",120,90,10,NA,"Requires a held Berry to attack.",NA,108
"37","Belly Drum","NORMAL","Status",NA,NA,10,NA,"User loses 50% of its max HP, but Attack raises to maximum.",NA,NA
"38","Bestow","NORMAL","Status",NA,NA,15,NA,"Gives the user's held item to the target.",NA,NA
"39","Bide","NORMAL","Physical",NA,NA,10,NA,"User takes damage for two turns then strikes back double.",NA,NA
"40","Bind","NORMAL","Physical",15,85,20,NA,"Traps opponent, damaging them for 45 turns.",NA,12.75
"41","Bite","DARK","Physical",60,100,25,NA,"May cause flinching.",30,60
"42","Blast Burn","FIRE","Special",150,90,5,NA,"User must recharge next turn.",NA,135
"43","Blaze Kick","FIRE","Physical",85,90,10,NA,"High critical hit ratio. May burn opponent.",10,76.5
"44","Blizzard","ICE","Special",120,70,5,"TM14","May freeze opponent.",10,84
"45","Block","NORMAL","Status",NA,NA,5,NA,"Opponent cannot flee or switch.",NA,NA
"46","Blue Flare","FIRE","Special",130,85,5,NA,"May burn opponent.",20,110.5
"47","Body Slam","NORMAL","Physical",85,100,15,NA,"May paralyze opponent.",30,85
"48","Bolt Strike","ELECTRIC","Physical",130,85,5,NA,"May paralyze opponent.",20,110.5
"49","Bone Club","GROUND","Physical",65,85,20,NA,"May cause flinching.",10,55.25
"50","Bone Rush","GROUND","Physical",25,90,10,NA,"Hits 25 times in one turn.",NA,22.5
"51","Bonemerang","GROUND","Physical",50,90,10,NA,"Hits twice in one turn.",NA,45
"52","Boomburst","NORMAL","Special",140,100,10,NA,"Hits all Pokémon on the field.",NA,140
"53","Bounce","FLYING","Physical",85,85,5,NA,"Springs up on first turn, attacks on second. May paralyze opponent.",30,72.25
"54","Brave Bird","FLYING","Physical",120,100,15,NA,"User receives recoil damage.",NA,120
"55","Brick Break","FIGHTING","Physical",75,100,15,"TM31","Breaks through Reflect and Light Screen barriers.",NA,75
"56","Brine","WATER","Special",65,100,10,NA,"Power doubles if opponent's HP is less than 50%.",NA,65
"57","Bubble","WATER","Special",20,100,30,NA,"May lower opponent's Speed.",10,20
"58","BubbleBeam","WATER","Special",65,100,20,NA,"May lower opponent's Speed.",10,65
"59","Bug Bite","BUG","Physical",60,100,20,NA,"Receives the effect from the opponent's held berry.",NA,60
"60","Bug Buzz","BUG","Special",90,100,10,NA,"May lower opponent's Special Defense.",10,90
"61","Bulk Up","FIGHTING","Status",NA,NA,20,"TM08","Raises user's Attack and Defense.",NA,NA
"62","Bulldoze","GROUND","Physical",60,100,20,"TM78","Lowers opponent's Speed.",100,60
"63","Bullet Punch","STEEL","Physical",40,100,30,NA,"User attacks first.",NA,40
"64","Bullet Seed","GRASS","Physical",25,100,30,NA,"Hits 25 times in one turn.",NA,25
"65","Calm Mind","PSYCHIC","Status",NA,NA,20,"TM04","Raises user's Special Attack and Special Defense.",NA,NA
"66","Camouflage","NORMAL","Status",NA,NA,20,NA,"Changes user's type according to the location.",NA,NA
"67","Captivate","NORMAL","Status",NA,100,20,NA,"Sharply lowers opponent's Special Attack if opposite gender.",NA,NA
"68","Charge","ELECTRIC","Status",NA,NA,20,NA,"Raises user's Special Defense and next Electric move's power increases.",NA,NA
"69","Charge Beam","ELECTRIC","Special",50,90,10,"TM57","May raise user's Special Attack.",70,45
"70","Charm","FAIRY","Status",NA,100,20,NA,"Sharply lowers opponent's Attack.",NA,NA
"71","Chatter","FLYING","Special",60,100,20,NA,"May confuse opponent.",31,60
"72","Chip Away","NORMAL","Physical",70,100,20,NA,"Ignores opponent's stat changes.",NA,70
"73","Circle Throw","FIGHTING","Physical",60,90,10,NA,"In battles, the opponent switches. In the wild, the Pokémon runs.",NA,54
"74","Clamp","WATER","Physical",35,85,10,NA,"Traps opponent, damaging them for 45 turns.",NA,29.75
"75","Clear Smog","POISON","Special",50,NA,15,NA,"Removes all of the target's stat changes.",NA,NA
"76","Close Combat","FIGHTING","Physical",120,100,5,NA,"Lowers user's Defense and Special Defense.",NA,120
"77","Coil","POISON","Status",NA,NA,20,NA,"Raises user's Attack, Defense and Accuracy.",NA,NA
"78","Comet Punch","NORMAL","Physical",18,85,15,NA,"Hits 25 times in one turn.",NA,15.3
"79","Confide","NORMAL","Status",NA,NA,20,NA,"Lowers opponent's Special Attack.",NA,NA
"80","Confuse Ray","GHOST","Status",NA,100,10,NA,"Confuses opponent.",NA,NA
"81","Confusion","PSYCHIC","Special",50,100,25,NA,"May confuse opponent.",10,50
"82","Constrict","NORMAL","Physical",10,100,35,NA,"May lower opponent's Speed by one stage.",10,10
"83","Conversion","NORMAL","Status",NA,NA,30,NA,"Changes user's type to a type of one of its own moves.",NA,NA
"84","Conversion 2","NORMAL","Status",NA,NA,30,NA,"User changes type to become resistant to opponent's last move.",NA,NA
"85","Copycat","NORMAL","Status",NA,NA,20,NA,"Copies opponent's last move.",NA,NA
"86","Cosmic Power","PSYCHIC","Status",NA,NA,20,NA,"Raises user's Defense and Special Defense.",NA,NA
"87","Cotton Guard","GRASS","Status",NA,NA,10,NA,"Drastically raises user's Defense.",NA,NA
"88","Cotton Spore","GRASS","Status",NA,100,40,NA,"Sharply lowers opponent's Speed.",NA,NA
"89","Counter","FIGHTING","Physical",NA,100,20,NA,"When hit by a Physical Attack, user strikes back with 2x power.",NA,NA
"90","Covet","NORMAL","Physical",60,100,40,NA,"Opponent's item is stolen by the user.",NA,60
"91","Crabhammer","WATER","Physical",90,90,10,NA,"High critical hit ratio.",NA,81
"92","Crafty Shield","FAIRY","Status",NA,NA,10,NA,"Protects the Pokémon from status moves.",NA,NA
"93","Cross Chop","FIGHTING","Physical",100,80,5,NA,"High critical hit ratio.",NA,80
"94","Cross Poison","POISON","Physical",70,100,20,NA,"High critical hit ratio. May poison opponent.",10,70
"95","Crunch","DARK","Physical",80,100,15,NA,"May lower opponent's Defense.",20,80
"96","Crush Claw","NORMAL","Physical",75,95,10,NA,"May lower opponent's Defense.",50,71.25
"97","Crush Grip","NORMAL","Physical",NA,100,5,NA,"More powerful when opponent has higher HP.",NA,NA
"98","Curse","GHOST","Status",NA,NA,10,NA,"Ghosts lose 50% of max HP and curse the opponent; NonGhosts raise Attack, Defense and lower Speed.",NA,NA
"99","Cut","NORMAL","Physical",50,95,30,"HM01",NA,NA,47.5
"100","Dark Pulse","DARK","Special",80,100,15,NA,"May cause flinching.",20,80
"101","Dark Void","DARK","Status",NA,80,10,NA,"Puts all Pokémon on the field to sleep.",NA,NA
"102","Dazzling Gleam","FAIRY","Special",80,100,10,NA,NA,NA,80
"103","Defend Order","BUG","Status",NA,NA,10,NA,"Raises user's Defense and Special Defense.",NA,NA
"104","Defense Curl","NORMAL","Status",NA,NA,40,NA,"Raises user's Defense.",NA,NA
"105","Defog","FLYING","Status",NA,NA,15,NA,"Lowers opponent's Evasiveness and clears fog.",NA,NA
"106","Destiny Bond","GHOST","Status",NA,NA,5,NA,"If the user faints, the opponent also faints.",NA,NA
"107","Detect","FIGHTING","Status",NA,NA,5,NA,"Opponent's attack doesn't affect you, but may fail if used often.",NA,NA
"108","Dig","GROUND","Physical",80,100,10,"TM28","Digs underground on first turn, attacks on second. Can also escape from caves.",NA,80
"109","Disable","NORMAL","Status",NA,100,20,NA,"Opponent can't use its last attack for a few turns.",NA,NA
"110","Disarming Voice","FAIRY","Special",40,NA,15,NA,"Ignores Accuracy and Evasiveness.",NA,NA
"111","Discharge","ELECTRIC","Special",80,100,15,NA,"May paralyze opponent.",30,80
"112","Dive","WATER","Physical",80,100,10,"HM06","Dives underwater on first turn, attacks on second turn.",NA,80
"113","Dizzy Punch","NORMAL","Physical",70,100,10,NA,"May confuse opponent.",20,70
"114","Doom Desire","STEEL","Special",140,100,5,NA,"Damage occurs 2 turns later.",NA,140
"115","Double Hit","NORMAL","Physical",35,90,10,NA,"Hits twice in one turn.",NA,31.5
"116","Double Kick","FIGHTING","Physical",30,100,30,NA,"Hits twice in one turn.",NA,30
"117","Double Team","NORMAL","Status",NA,NA,15,"TM32","Raises user's Evasiveness.",NA,NA
"118","DoubleEdge","NORMAL","Physical",120,100,15,NA,"User receives recoil damage.",NA,120
"119","DoubleSlap","NORMAL","Physical",15,85,10,NA,"Hits 25 times in one turn.",NA,12.75
"120","Draco Meteor","DRAGON","Special",140,90,5,NA,"Sharply lowers user's Special Attack.",NA,126
"121","Dragon Claw","DRAGON","Physical",80,100,15,"TM02",NA,NA,80
"122","Dragon Dance","DRAGON","Status",NA,NA,20,NA,"Raises user's Attack and Speed.",NA,NA
"123","Dragon Pulse","DRAGON","Special",90,100,10,NA,NA,NA,90
"124","Dragon Rage","DRAGON","Special",NA,100,10,NA,"Always inflicts 40 HP.",NA,NA
"125","Dragon Rush","DRAGON","Physical",100,75,10,NA,"May cause flinching.",20,75
"126","Dragon Tail","DRAGON","Physical",60,90,10,"TM82","In battles, the opponent switches. In the wild, the Pokémon runs.",NA,54
"127","DragonBreath","DRAGON","Special",60,100,20,NA,"May paralyze opponent.",30,60
"128","Drain Punch","FIGHTING","Physical",75,100,10,NA,"User recovers half the HP inflicted on opponent.",NA,75
"129","Draining Kiss","FAIRY","Special",50,100,10,NA,"User recovers over half the HP inflicted on opponent.",NA,50
"130","Dream Eater","PSYCHIC","Special",100,100,15,"TM85","User recovers half the HP inflicted on a sleeping opponent.",NA,100
"131","Drill Peck","FLYING","Physical",80,100,20,NA,NA,NA,80
"132","Drill Run","GROUND","Physical",80,95,10,NA,"High critical hit ratio.",NA,76
"133","Dual Chop","DRAGON","Physical",40,90,15,NA,"Hits twice in one turn.",NA,36
"134","DynamicPunch","FIGHTING","Physical",100,50,5,NA,"Confuses opponent.",100,50
"135","Earth Power","GROUND","Special",90,100,10,NA,"May lower opponent's Special Defense.",10,90
"136","Earthquake","GROUND","Physical",100,100,10,"TM26","Power is doubled if opponent is underground from using Dig.",NA,100
"137","Echoed Voice","NORMAL","Special",40,100,15,"TM49","Power increases each turn if multiple Pokémon in the team also use it.",NA,40
"138","Eerie Impulse","ELECTRIC","Status",NA,100,15,NA,"Sharply lowers opponent's Special Attack.",NA,NA
"139","Egg Bomb","NORMAL","Physical",100,75,10,NA,NA,NA,75
"140","Electric Terrain","ELECTRIC","Status",NA,NA,10,NA,"Prevents all Pokémon from falling asleep for 5 turns.",NA,NA
"141","Electrify","ELECTRIC","Status",NA,NA,20,NA,"Changes the target's move to Electric type.",NA,NA
"142","Electro Ball","ELECTRIC","Special",NA,100,10,NA,"The faster the user, the stronger the attack.",NA,NA
"143","Electroweb","ELECTRIC","Special",55,95,15,NA,"Lowers opponent's Speed.",100,52.25
"144","Embargo","DARK","Status",NA,100,15,"TM63","Opponent cannot use items.",NA,NA
"145","Ember","FIRE","Special",40,100,25,NA,"May burn opponent.",10,40
"146","Encore","NORMAL","Status",NA,100,5,NA,"Forces opponent to keep using its last move for 3 turns.",NA,NA
"147","Endeavor","NORMAL","Physical",NA,100,5,NA,"Reduces opponent's HP to same as user's.",NA,NA
"148","Endure","NORMAL","Status",NA,NA,10,NA,"Always left with at least 1 HP, but may fail if used consecutively.",NA,NA
"149","Energy Ball","GRASS","Special",80,100,10,"TM53","May lower opponent's Special Defense.",10,80
"150","Entrainment","NORMAL","Status",NA,100,15,NA,"Makes target's ability same as user's.",NA,NA
"151","Eruption","FIRE","Special",150,100,5,NA,"Stronger when the user's HP is higher.",NA,150
"152","Explosion","NORMAL","Physical",250,100,5,"TM64","User faints.",NA,250
"153","Extrasensory","PSYCHIC","Special",80,100,30,NA,"May cause flinching.",10,80
"154","ExtremeSpeed","NORMAL","Physical",80,100,5,NA,"User attacks first.",NA,80
"155","Facade","NORMAL","Physical",70,100,20,"TM42","Stronger if user is Burned, Poisoned, or Paralyzed.",NA,70
"156","Faint Attack","DARK","Physical",60,NA,20,NA,"Ignores Accuracy and Evasiveness.",NA,NA
"157","Fairy Lock","FAIRY","Status",NA,NA,10,NA,"Prevents fleeing in the next turn.",NA,NA
"158","Fairy Wind","FAIRY","Special",40,100,30,NA,NA,NA,40
"159","Fake Out","NORMAL","Physical",40,100,10,NA,"User attacks first, foe flinches. Only usable on first turn.",100,40
"160","Fake Tears","DARK","Status",NA,100,20,NA,"Sharply lowers opponent's Special Defense.",NA,NA
"161","False Swipe","NORMAL","Physical",40,100,40,"TM54","Always leaves opponent with at least 1 HP.",NA,40
"162","FeatherDance","FLYING","Status",NA,100,15,NA,"Sharply lowers opponent's Attack.",NA,NA
"163","Feint","NORMAL","Physical",30,100,10,NA,"Only hits if opponent uses Protect or Detect in the same turn.",NA,30
"164","Fell Stinger","BUG","Physical",30,100,25,NA,"Sharply raises user's Attack if target is KO'd.",NA,30
"165","Fiery Dance","FIRE","Special",80,100,10,NA,"May raise user's Special Attack.",50,80
"166","Final Gambit","FIGHTING","Special",NA,100,5,NA,"Inflicts damage equal to the user's remaining HP. User faints.",NA,NA
"167","Fire Blast","FIRE","Special",120,85,5,"TM38","May burn opponent.",10,102
"168","Fire Fang","FIRE","Physical",65,95,15,NA,"May cause flinching and/or burn opponent.",10,61.75
"169","Fire Pledge","FIRE","Special",50,100,10,NA,"Added effects appear if combined with Grass Pledge or Water Pledge.",NA,50
"170","Fire Punch","FIRE","Physical",75,100,15,NA,"May burn opponent.",10,75
"171","Fire Spin","FIRE","Special",35,85,15,NA,"Traps opponent, damaging them for 45 turns.",NA,29.75
"172","Fissure","GROUND","Physical",NA,NA,5,NA,"OneHitKO, if it hits.",NA,NA
"173","Flail","NORMAL","Physical",NA,100,15,NA,"The lower the user's HP, the higher the power.",NA,NA
"174","Flame Burst","FIRE","Special",70,100,15,NA,"May also injure nearby Pokémon.",NA,70
"175","Flame Charge","FIRE","Physical",50,100,20,"TM43","Raises user's Speed.",100,50
"176","Flame Wheel","FIRE","Physical",60,100,25,NA,"May burn opponent.",10,60
"177","Flamethrower","FIRE","Special",95,100,15,"TM35","May burn opponent.",10,95
"178","Flare Blitz","FIRE","Physical",120,100,15,NA,"User receives recoil damage. May burn opponent.",10,120
"179","Flash","NORMAL","Status",NA,100,20,"TM70","Lowers opponent's Accuracy.",NA,NA
"180","Flash Cannon","STEEL","Special",80,100,10,"TM91","May lower opponent's Special Defense.",10,80
"181","Flatter","DARK","Status",NA,100,15,NA,"Confuses opponent, but raises its Special Attack by two stages.",NA,NA
"182","Fling","DARK","Physical",NA,100,10,"TM56","Power depends on held item.",NA,NA
"183","Flower Shield","FAIRY","Status",NA,NA,10,NA,"Raises Defense of all Grasstype Pokémon on the field.",NA,NA
"184","Fly","FLYING","Physical",90,95,15,"HM02","Flies up on first turn, attacks on second turn.",NA,85.5
"185","Flying Press","FIGHTING","Physical",80,95,10,NA,"Deals Fighting and Flying type damage.",NA,76
"186","Focus Blast","FIGHTING","Special",120,70,5,"TM52","May lower opponent's Special Defense.",10,84
"187","Focus Energy","NORMAL","Status",NA,NA,30,NA,"Increases critical hit ratio.",NA,NA
"188","Focus Punch","FIGHTING","Physical",150,100,20,NA,"If the user is hit before attacking, it flinches instead.",NA,150
"189","Follow Me","NORMAL","Status",NA,NA,20,NA,"In Double Battle, the user takes all the attacks.",NA,NA
"190","Force Palm","FIGHTING","Physical",60,100,10,NA,"May paralyze opponent.",30,60
"191","Foresight","NORMAL","Status",NA,NA,40,NA,"Resets opponent's Evasiveness, Normaltype and Fightingtype attacks can now hit Ghosts, and Ghosttype attacks hit Normal.",NA,NA
"192","Forest's Curse","GRASS","Status",NA,100,20,NA,"Turns opponents into Grass type.",NA,NA
"193","Foul Play","DARK","Physical",95,100,15,NA,"Uses the opponent's Attack stat.",NA,95
"194","Freeze Shock","ICE","Physical",140,90,5,NA,"Charges on first turn, attacks on second. May paralyze opponent.",30,126
"195","FreezeDry","ICE","Special",70,100,20,NA,"May freeze opponent. Supereffective against Water types.",NA,70
"196","Frenzy Plant","GRASS","Special",150,90,5,NA,"User must recharge next turn.",NA,135
"197","Frost Breath","ICE","Special",40,90,10,"TM79","Always results in a critical hit.",100,36
"198","Frustration","NORMAL","Physical",NA,100,20,"TM21","Power decreases with higher Happiness.",NA,NA
"199","Fury Attack","NORMAL","Physical",15,85,20,NA,"Hits 25 times in one turn.",NA,12.75
"200","Fury Cutter","BUG","Physical",20,95,20,NA,"Power increases with each consecutive hit.",NA,19
"201","Fury Swipes","NORMAL","Physical",18,80,15,NA,"Hits 25 times in one turn.",NA,14.4
"202","Fusion Bolt","ELECTRIC","Physical",100,100,5,NA,"Power increases if Fusion Flare is used in the same turn.",NA,100
"203","Fusion Flare","FIRE","Special",100,100,5,NA,"Power increases if Fusion Bolt is used in the same turn.",NA,100
"204","Future Sight","PSYCHIC","Special",100,100,10,NA,"Damage occurs 2 turns later.",NA,100
"205","Gastro Acid","POISON","Status",NA,100,10,NA,"Cancels out the effect of the opponent's Ability.",NA,NA
"206","Gear Grind","STEEL","Physical",50,85,15,NA,"Hits twice in one turn.",NA,42.5
"207","Geomancy","FAIRY","Status",NA,NA,10,NA,"Charges on first turn, sharply raises user's Sp. Attack, Sp. Defense and Speed on the second.",NA,NA
"208","Giga Drain","GRASS","Special",75,100,10,NA,"User recovers half the HP inflicted on opponent.",NA,75
"209","Giga Impact","NORMAL","Physical",150,90,5,"TM68","User must recharge next turn.",NA,135
"210","Glaciate","ICE","Special",65,95,10,NA,"Lowers opponent's Speed.",100,61.75
"211","Glare","NORMAL","Status",NA,90,30,NA,"Paralyzes opponent.",NA,NA
"212","Grass Knot","GRASS","Special",NA,100,20,"TM86","The heavier the opponent, the stronger the attack.",NA,NA
"213","Grass Pledge","GRASS","Special",50,100,10,NA,"Added effects appear if preceded by Water Pledge or succeeded by Fire Pledge.",NA,50
"214","GrassWhistle","GRASS","Status",NA,55,15,NA,"Puts opponent to sleep, if it hits.",NA,NA
"215","Grassy Terrain","GRASS","Status",NA,NA,10,NA,"Restores a little HP of all Pokémon for 5 turns.",NA,NA
"216","Gravity","PSYCHIC","Status",NA,NA,5,NA,"Prevents moves like Fly and Bounce and the Ability Levitate for 5 turns.",NA,NA
"217","Growl","NORMAL","Status",NA,100,40,NA,"Lowers opponent's Attack.",NA,NA
"218","Growth","NORMAL","Status",NA,NA,40,NA,"Raises user's Attack and Special Attack.",NA,NA
"219","Grudge","GHOST","Status",NA,NA,5,NA,"If the users faints after using this move, the PP for the opponent's last move is depleted.",NA,NA
"220","Guard Split","PSYCHIC","Status",NA,NA,10,NA,"Averages Defense and Special Defense with the target.",NA,NA
"221","Guard Swap","PSYCHIC","Status",NA,NA,10,NA,"User and opponent swap Defense and Special Defense.",NA,NA
"222","Guillotine","NORMAL","Physical",NA,NA,5,NA,"OneHitKO, if it hits.",NA,NA
"223","Gunk Shot","POISON","Physical",120,70,5,NA,"May poison opponent.",30,84
"224","Gust","FLYING","Special",40,100,35,NA,"Hits Pokémon using Fly/Bounce with double power.",NA,40
"225","Gyro Ball","STEEL","Physical",NA,100,5,"TM74","The slower the opponent, the stronger the attack.",NA,NA
"226","Hail","ICE","Status",NA,NA,10,"TM07","NonIce types are damaged for 5 turns.",NA,NA
"227","Hammer Arm","FIGHTING","Physical",100,90,10,NA,"Lowers user's Speed.",NA,90
"228","Harden","NORMAL","Status",NA,NA,30,NA,"Raises user's Defense.",NA,NA
"229","Haze","ICE","Status",NA,NA,30,NA,"Resets all stat changes.",NA,NA
"230","Head Charge","NORMAL","Physical",120,100,15,NA,"User receives recoil damage.",NA,120
"231","Head Smash","ROCK","Physical",150,80,5,NA,"User receives recoil damage.",NA,120
"232","Headbutt","NORMAL","Physical",70,100,15,NA,"May cause flinching.",30,70
"233","Heal Bell","NORMAL","Status",NA,NA,5,NA,"Heals the user's party's status conditions.",NA,NA
"234","Heal Block","PSYCHIC","Status",NA,NA,15,NA,"Prevents the opponent from restoring HP for 5 turns.",NA,NA
"235","Heal Order","BUG","Status",NA,NA,10,NA,"Recovers half of the user's max HP.",NA,NA
"236","Heal Pulse","PSYCHIC","Status",NA,NA,10,NA,"Restores half the target's max HP.",NA,NA
"237","Healing Wish","PSYCHIC","Status",NA,NA,10,NA,"The user faints and the next Pokémon released is fully healed.",NA,NA
"238","Heart Stamp","PSYCHIC","Physical",60,100,25,NA,"May cause flinching.",30,60
"239","Heart Swap","PSYCHIC","Status",NA,NA,10,NA,"Stat changes are swapped with the opponent.",NA,NA
"240","Heat Crash","FIRE","Physical",NA,100,10,NA,"The heavier the user, the stronger the attack.",NA,NA
"241","Heat Wave","FIRE","Special",100,90,10,NA,"May burn opponent.",10,90
"242","Heavy Slam","STEEL","Physical",NA,100,10,NA,"The heavier the user, the stronger the attack.",NA,NA
"243","Helping Hand","NORMAL","Status",NA,NA,20,NA,"In Double Battles, boosts the power of the partner's move.",NA,NA
"244","Hex","GHOST","Special",50,100,10,NA,"Inflicts more damage if the target has a status condition.",NA,50
"245","Hi Jump Kick","FIGHTING","Physical",130,90,10,NA,"If it misses, the user loses half their HP.",NA,117
"246","Hidden Power","NORMAL","Special",NA,100,15,"TM10","Type and power depends on user's IVs.",NA,NA
"247","Hone Claws","DARK","Status",NA,NA,15,"TM01","Raises user's Attack and Accuracy.",NA,NA
"248","Horn Attack","NORMAL","Physical",65,100,25,NA,NA,NA,65
"249","Horn Drill","NORMAL","Physical",NA,NA,5,NA,"OneHitKO, if it hits.",NA,NA
"250","Horn Leech","GRASS","Physical",75,100,10,NA,"User recovers half the HP inflicted on opponent.",NA,75
"251","Howl","NORMAL","Status",NA,NA,40,NA,"Raises user's Attack.",NA,NA
"252","Hurricane","FLYING","Special",120,70,10,NA,"May confuse opponent.",30,84
"253","Hydro Cannon","WATER","Special",150,90,5,NA,"User must recharge next turn.",NA,135
"254","Hydro Pump","WATER","Special",120,80,5,NA,NA,NA,96
"255","Hyper Beam","NORMAL","Special",150,90,5,"TM15","User must recharge next turn.",NA,135
"256","Hyper Fang","NORMAL","Physical",80,90,15,NA,"May cause flinching.",10,72
"257","Hyper Voice","NORMAL","Special",90,100,10,NA,NA,NA,90
"258","Hypnosis","PSYCHIC","Status",NA,60,20,NA,"Put opponent to sleep, if it hits.",NA,NA
"259","Ice Ball","ICE","Physical",30,90,20,NA,"Doubles in power each turn for 5 turns.",NA,27
"260","Ice Beam","ICE","Special",95,100,10,"TM13","May freeze opponent.",10,95
"261","Ice Burn","ICE","Special",140,90,5,NA,"Charges on first turn, attacks on second. May burn opponent.",30,126
"262","Ice Fang","ICE","Physical",65,95,15,NA,"May cause flinching and/or freeze opponent.",10,61.75
"263","Ice Punch","ICE","Physical",75,100,15,NA,"May freeze opponent.",10,75
"264","Ice Shard","ICE","Physical",40,100,30,NA,"User attacks first.",NA,40
"265","Icicle Crash","ICE","Physical",85,90,10,NA,"May cause flinching.",30,76.5
"266","Icicle Spear","ICE","Physical",25,100,30,NA,"Hits 25 times in one turn.",NA,25
"267","Icy Wind","ICE","Special",55,95,15,NA,"Lowers opponent's Speed.",100,52.25
"268","Imprison","PSYCHIC","Status",NA,NA,10,NA,"Opponent is unable to use moves that the user also knows.",NA,NA
"269","Incinerate","FIRE","Special",30,100,15,"TM59","Destroys the target's held berry.",NA,30
"270","Inferno","FIRE","Special",100,50,5,NA,"Burns opponent.",100,50
"271","Infestation","BUG","Special",20,100,20,NA,"Traps opponent, damaging them for 45 turns.",NA,20
"272","Ingrain","GRASS","Status",NA,NA,20,NA,"User restores HP each turn. User cannot escape/switch.",NA,NA
"273","Ion Deluge","ELECTRIC","Status",NA,NA,25,NA,"Changes Normaltype moves to Electrictype.",NA,NA
"274","Iron Defense","STEEL","Status",NA,NA,15,NA,"Sharply raises user's Defense.",NA,NA
"275","Iron Head","STEEL","Physical",80,100,15,NA,"May cause flinching.",30,80
"276","Iron Tail","STEEL","Physical",100,75,15,NA,"May lower opponent's Defense.",10,75
"277","Judgment","NORMAL","Special",100,100,10,NA,"Type depends on the Arceus Plate being held.",NA,100
"278","Jump Kick","FIGHTING","Physical",100,95,10,NA,"If it misses, the user loses half their HP.",NA,95
"279","Karate Chop","FIGHTING","Physical",50,100,25,NA,"High critical hit ratio.",NA,50
"280","Kinesis","PSYCHIC","Status",NA,80,15,NA,"Lowers opponent's Accuracy.",NA,NA
"281","King's Shield","STEEL","Status",NA,NA,10,NA,"Protects against attacks, and lowers opponent's Attack on contact moves.",NA,NA
"282","Knock Off","DARK","Physical",20,100,20,NA,"Opponent cannot use its hold item for the duration of the battle.",NA,20
"283","Land's Wrath","GROUND","Physical",90,100,10,NA,NA,NA,90
"284","Last Resort","NORMAL","Physical",140,100,5,NA,"Can only be used after all other moves are used.",NA,140
"285","Lava Plume","FIRE","Special",80,100,15,NA,"May burn opponent.",30,80
"286","Leaf Blade","GRASS","Physical",90,100,15,NA,"High critical hit ratio.",NA,90
"287","Leaf Storm","GRASS","Special",140,90,5,NA,"Sharply lowers user's Special Attack.",NA,126
"288","Leaf Tornado","GRASS","Special",65,90,10,NA,"May lower opponent's Accuracy.",30,58.5
"289","Leech Life","BUG","Physical",20,100,15,NA,"User recovers half the HP inflicted on opponent.",NA,20
"290","Leech Seed","GRASS","Status",NA,90,10,NA,"User steals HP from opponent each turn.",NA,NA
"291","Leer","NORMAL","Status",NA,100,30,NA,"Lowers opponent's Defense.",NA,NA
"292","Lick","GHOST","Physical",20,100,30,NA,"May paralyze opponent.",30,20
"293","Light Screen","PSYCHIC","Status",NA,NA,30,"TM16","Halves damage from Special attacks for 5 turns.",NA,NA
"294","LockOn","NORMAL","Status",NA,NA,5,NA,"The next move the user uses is guaranteed to hit.",NA,NA
"295","Lovely Kiss","NORMAL","Status",NA,75,10,NA,"Puts the opponent to sleep, if it hits.",NA,NA
"296","Low Kick","FIGHTING","Physical",NA,100,20,NA,"The heavier the opponent, the stronger the attack.",NA,NA
"297","Low Sweep","FIGHTING","Physical",60,100,20,"TM47","Lowers opponent's Speed.",100,60
"298","Lucky Chant","NORMAL","Status",NA,NA,30,NA,"Opponent cannot land critical hits for 5 turns.",NA,NA
"299","Lunar Dance","PSYCHIC","Status",NA,NA,10,NA,"The user faints but the next Pokémon released is fully healed.",NA,NA
"300","Luster Purge","PSYCHIC","Special",70,100,5,NA,"May lower opponent's Special Defense.",50,70
"301","Mach Punch","FIGHTING","Physical",40,100,30,NA,"User attacks first.",NA,40
"302","Magic Coat","PSYCHIC","Status",NA,NA,15,NA,"Any special move is reflected back to the attacker.",NA,NA
"303","Magic Room","PSYCHIC","Status",NA,NA,10,NA,"Suppresses the effects of held items for five turns.",NA,NA
"304","Magical Leaf","GRASS","Special",60,NA,20,NA,"Ignores Accuracy and Evasiveness.",NA,NA
"305","Magma Storm","FIRE","Special",120,75,5,NA,"Traps opponent, damaging them for 45 turns.",NA,90
"306","Magnet Bomb","STEEL","Physical",60,NA,20,NA,"Ignores Accuracy and Evasiveness.",NA,NA
"307","Magnet Rise","ELECTRIC","Status",NA,NA,10,NA,"User becomes immune to Groundtype moves for 5 turns.",NA,NA
"308","Magnetic Flux","ELECTRIC","Status",NA,NA,20,NA,"Raises Defense and Sp. Defense of Plus/Minus Pokémon.",NA,NA
"309","Magnitude","GROUND","Physical",NA,100,30,NA,"Hits with random power.",NA,NA
"310","Mat Block","FIGHTING","Status",NA,NA,15,NA,"Protects teammates from damaging moves.",NA,NA
"311","Me First","NORMAL","Status",NA,NA,20,NA,"User copies the opponent's attack with 1.5× power.",NA,NA
"312","Mean Look","NORMAL","Status",NA,NA,5,NA,"Opponent cannot escape/switch.",NA,NA
"313","Meditate","PSYCHIC","Status",NA,NA,40,NA,"Raises user's Attack.",NA,NA
"314","Mega Drain","GRASS","Special",40,100,15,NA,"User recovers half the HP inflicted on opponent.",NA,40
"315","Mega Kick","NORMAL","Physical",120,75,5,NA,NA,NA,90
"316","Mega Punch","NORMAL","Physical",80,85,20,NA,NA,NA,68
"317","Megahorn","BUG","Physical",120,85,10,NA,NA,NA,102
"318","Memento","DARK","Status",NA,100,10,NA,"User faints, sharply lowers opponent's Attack and Special Attack.",NA,NA
"319","Metal Burst","STEEL","Physical",NA,100,10,NA,"Deals damage equal to 1.5x opponent's attack.",NA,NA
"320","Metal Claw","STEEL","Physical",50,95,35,NA,"May raise user's Attack.",10,47.5
"321","Metal Sound","STEEL","Status",NA,85,40,NA,"Sharply lowers opponent's Special Defense.",NA,NA
"322","Meteor Mash","STEEL","Physical",100,85,10,NA,"May raise user's Attack.",20,85
"323","Metronome","NORMAL","Status",NA,NA,10,NA,"User performs any move in the game at random.",NA,NA
"324","Milk Drink","NORMAL","Status",NA,NA,10,NA,"User recoves 50% of its maximum HP.",NA,NA
"325","Mimic","NORMAL","Status",NA,NA,10,NA,"Copies the opponent's last move.",NA,NA
"326","Mind Reader","NORMAL","Status",NA,NA,5,NA,"User's next attack is guaranteed to hit.",NA,NA
"327","Minimize","NORMAL","Status",NA,NA,20,NA,"Sharply raises user's Evasiveness.",NA,NA
"328","Miracle Eye","PSYCHIC","Status",NA,NA,40,NA,"Resets opponent's Evasiveness, removes Dark's Psychic immunity.",NA,NA
"329","Mirror Coat","PSYCHIC","Special",NA,100,20,NA,"When hit by a Special Attack, user strikes back with 2x power.",NA,NA
"330","Mirror Move","FLYING","Status",NA,NA,20,NA,"User performs the opponent's last move.",NA,NA
"331","Mirror Shot","STEEL","Special",65,85,10,NA,"May lower opponent's Accuracy.",30,55.25
"332","Mist","ICE","Status",NA,NA,30,NA,"User's stats cannot be changed for a period of time.",NA,NA
"333","Mist Ball","PSYCHIC","Special",70,100,5,NA,"May lower opponent's Special Attack.",50,70
"334","Misty Terrain","FAIRY","Status",NA,NA,10,NA,"Protects the field from status conditions for 5 turns.",NA,NA
"335","Moonblast","FAIRY","Special",95,100,15,NA,"May lower opponent's Special Attack.",NA,95
"336","Moonlight","FAIRY","Status",NA,NA,5,NA,"User recovers HP. Amount varies with the weather.",NA,NA
"337","Morning Sun","NORMAL","Status",NA,NA,5,NA,"User recovers HP. Amount varies with the weather.",NA,NA
"338","Mud Bomb","GROUND","Special",65,85,10,NA,"May lower opponent's Accuracy.",30,55.25
"339","Mud Shot","GROUND","Special",55,95,15,NA,"Lowers opponent's Speed.",100,52.25
"340","Mud Sport","GROUND","Status",NA,NA,15,NA,"Weakens the power of Electrictype moves.",NA,NA
"341","MudSlap","GROUND","Special",20,100,10,NA,"Lowers opponent's Accuracy.",100,20
"342","Muddy Water","WATER","Special",95,85,10,NA,"May lower opponent's Accuracy.",30,80.75
"343","Mystical Fire","FIRE","Special",65,100,10,NA,"Lowers opponent's Special Attack.",100,65
"344","Nasty Plot","DARK","Status",NA,NA,20,NA,"Sharply raises user's Special Attack.",NA,NA
"345","Natural Gift","NORMAL","Physical",NA,100,15,NA,"Power and type depend on the user's held berry.",NA,NA
"346","Nature Power","NORMAL","Status",NA,NA,20,NA,"Uses a certain move based on the current terrain.",NA,NA
"347","Needle Arm","GRASS","Physical",60,100,15,NA,"May cause flinching.",30,60
"348","Night Daze","DARK","Special",85,95,10,NA,"May lower opponent's Accuracy.",40,80.75
"349","Night Shade","GHOST","Special",NA,100,15,NA,"Inflicts damage equal to user's level.",NA,NA
"350","Night Slash","DARK","Physical",70,100,15,NA,"High critical hit ratio.",NA,70
"351","Nightmare","GHOST","Special",NA,100,15,NA,"The sleeping opponent loses 25% of its max HP each turn.",NA,NA
"352","Noble Roar","NORMAL","Status",NA,100,30,NA,"Lowers opponent's Attack and Special Attack.",NA,NA
"353","Nuzzle","ELECTRIC","Physical",20,100,20,NA,"Paralyzes opponent.",100,20
"354","Oblivion Wing","FLYING","Special",80,100,10,NA,"User recovers most of the HP inflicted on opponent.",NA,80
"355","Octazooka","WATER","Special",65,85,10,NA,"May lower opponent's Accuracy.",50,55.25
"356","Odor Sleuth","NORMAL","Status",NA,NA,40,NA,"Resets opponent's Evasiveness, Normaltype and Fightingtype attacks can now hit Ghosts, and Ghosttype attacks hit Normal.",NA,NA
"357","Ominous Wind","GHOST","Special",60,100,5,NA,"May raise all user's stats at once.",10,60
"358","Outrage","DRAGON","Physical",120,100,10,NA,"User attacks for 23 turns but then becomes confused.",NA,120
"359","Overheat","FIRE","Special",140,90,5,"TM50","Sharply lowers user's Special Attack.",NA,126
"360","Pain Split","NORMAL","Status",NA,NA,20,NA,"The user's and opponent's HP becomes the average of both.",NA,NA
"361","Parabolic Charge","ELECTRIC","Special",50,100,20,NA,"User recovers half the HP inflicted on opponent.",NA,50
"362","Parting Shot","DARK","Status",NA,100,20,NA,"Lowers opponent's Attack and Special Attack then switches out.",NA,NA
"363","Pay Day","NORMAL","Physical",40,100,20,NA,"A small amount of money is gained after the battle resolves.",NA,40
"364","Payback","DARK","Physical",50,100,10,"TM66","Power doubles if the user was attacked first.",NA,50
"365","Peck","FLYING","Physical",35,100,35,NA,NA,NA,35
"366","Perish Song","NORMAL","Status",NA,NA,5,NA,"Any Pokémon in play when this attack is used faints in 3 turns.",NA,NA
"367","Petal Blizzard","GRASS","Physical",90,100,15,NA,NA,NA,90
"368","Petal Dance","GRASS","Special",120,100,10,NA,"User attacks for 23 turns but then becomes confused.",NA,120
"369","Phantom Force","GHOST","Physical",90,100,10,NA,"Disappears on first turn, attacks on second. Can strike through Protect/Detect.",NA,90
"370","Pin Missile","BUG","Physical",14,85,20,NA,"Hits 25 times in one turn.",NA,11.9
"371","Play Nice","ELECTRIC","Status",NA,NA,20,NA,"Lowers opponent's Attack. Always hits.",NA,NA
"372","Play Rough","FAIRY","Physical",90,90,10,NA,"May lower opponent's Attack.",NA,81
"373","Pluck","FLYING","Physical",60,100,20,"TM88","If the opponent is holding a berry, its effect is stolen by user.",NA,60
"374","Poison Fang","POISON","Physical",50,100,15,NA,"May badly poison opponent.",30,50
"375","Poison Gas","POISON","Status",NA,85,40,NA,"Poisons opponent.",NA,NA
"376","Poison Jab","POISON","Physical",80,100,20,"TM84","May poison the opponent.",30,80
"377","Poison Sting","POISON","Physical",15,100,35,NA,"May poison the opponent.",30,15
"378","Poison Tail","POISON","Physical",50,100,25,NA,"High critical hit ratio. May poison opponent.",10,50
"379","PoisonPowder","POISON","Status",NA,75,35,NA,"Poisons opponent.",NA,NA
"380","Pound","NORMAL","Physical",40,100,35,NA,NA,NA,40
"381","Powder","BUG","Status",NA,100,20,NA,"Damages Pokémon using Fire type moves.",NA,NA
"382","Powder Snow","ICE","Special",40,100,25,NA,"May freeze opponent.",10,40
"383","Power Gem","ROCK","Special",70,100,20,NA,NA,NA,70
"384","Power Split","PSYCHIC","Status",NA,NA,10,NA,"Averages Attack and Special Attack with the target.",NA,NA
"385","Power Swap","PSYCHIC","Status",NA,NA,10,NA,"User and opponent swap Attack and Special Attack.",NA,NA
"386","Power Trick","PSYCHIC","Status",NA,NA,10,NA,"User's own Attack and Defense switch.",NA,NA
"387","Power Whip","GRASS","Physical",120,85,10,NA,NA,NA,102
"388","PowerUp Punch","FIGHTING","Physical",40,100,10,NA,"Raises Attack.",NA,40
"389","Present","NORMAL","Physical",NA,90,15,NA,"Either deals damage or heals.",NA,NA
"390","Protect","NORMAL","Status",NA,NA,10,"TM17","User is not affected by opponent's move.",NA,NA
"391","Psybeam","PSYCHIC","Special",65,100,20,NA,"May confuse opponent.",10,65
"392","Psych Up","NORMAL","Status",NA,NA,10,"TM77","Copies the opponent's stat changes.",NA,NA
"393","Psychic","PSYCHIC","Special",90,100,10,"TM29","May lower opponent's Special Defense.",10,90
"394","Psycho Boost","PSYCHIC","Special",140,90,5,NA,"Sharply lowers user's Special Attack.",NA,126
"395","Psycho Cut","PSYCHIC","Physical",70,100,20,NA,"High critical hit ratio.",NA,70
"396","Psycho Shift","PSYCHIC","Status",NA,90,10,NA,"Gives the opponent the user's status condition, if it hits.",NA,NA
"397","Psyshock","PSYCHIC","Special",80,100,10,"TM03","Inflicts damage based on the target's Defense, not Special Defense.",NA,80
"398","Psystrike","PSYCHIC","Special",100,100,10,NA,"Inflicts damage based on the target's Defense, not Special Defense.",NA,100
"399","Psywave","PSYCHIC","Special",NA,80,15,NA,"Inflicts damage 50150% of user's level.",NA,NA
"400","Punishment","DARK","Physical",NA,100,5,NA,"Power increases when opponent's stats have been raised.",NA,NA
"401","Pursuit","DARK","Physical",40,100,20,NA,"Double power if the opponent is switching out.",NA,40
"402","Quash","DARK","Status",NA,100,15,"TM60","Makes the target act last this turn.",NA,NA
"403","Quick Attack","NORMAL","Physical",40,100,30,NA,"User attacks first.",NA,40
"404","Quick Guard","FIGHTING","Status",NA,NA,15,NA,"Fast moves won't damage the user or its teammates.",NA,NA
"405","Quiver Dance","BUG","Status",NA,NA,20,NA,"Raises user's Special Attack, Special Defense and Speed.",NA,NA
"406","Rage","NORMAL","Physical",20,100,20,NA,"Raises user's Attack when hit.",NA,20
"407","Rage Powder","BUG","Status",NA,NA,20,NA,"Forces attacks to hit user, not teammates.",NA,NA
"408","Rain Dance","WATER","Status",NA,NA,5,"TM18","Makes it rain for 5 turns.",NA,NA
"409","Rapid Spin","NORMAL","Physical",20,100,40,NA,"Removes effects of trap moves.",NA,20
"410","Razor Leaf","GRASS","Physical",55,95,25,NA,"High critical hit ratio.",NA,52.25
"411","Razor Shell","WATER","Physical",75,95,10,NA,"May lower opponent's Defense.",50,71.25
"412","Razor Wind","NORMAL","Special",80,100,10,NA,"Charges on first turn, attacks on second. High critical hit ratio.",NA,80
"413","Recover","NORMAL","Status",NA,NA,10,NA,"User recovers 50% of its max HP.",NA,NA
"414","Recycle","NORMAL","Status",NA,NA,10,NA,"User's used hold item is restored.",NA,NA
"415","Reflect","PSYCHIC","Status",NA,NA,20,"TM33","Halves damage from Physical attacks for 5 turns.",NA,NA
"416","Reflect Type","NORMAL","Status",NA,NA,15,NA,"User becomes the target's type.",NA,NA
"417","Refresh","NORMAL","Status",NA,NA,20,NA,"Cures paralysis, poison, and burns.",NA,NA
"418","Relic Song","NORMAL","Special",75,100,10,NA,"May put the target to sleep.",10,75
"419","Rest","PSYCHIC","Status",NA,NA,10,"TM44","User sleeps for 2 turns, but user is fully healed.",NA,NA
"420","Retaliate","NORMAL","Physical",70,100,5,"TM67","Inflicts double damage if a teammate fainted on the last turn.",NA,70
"421","Return","NORMAL","Physical",NA,100,20,"TM27","Power increases with user's Happiness.",NA,NA
"422","Revenge","FIGHTING","Physical",60,100,10,NA,"Power increases if user was hit first.",NA,60
"423","Reversal","FIGHTING","Physical",NA,100,15,NA,"The lower the user's HP, the higher the power.",NA,NA
"424","Roar","NORMAL","Status",NA,100,20,"TM05","In battles, the opponent switches. In the wild, the Pokémon runs.",NA,NA
"425","Roar of Time","DRAGON","Special",150,90,5,NA,"User must recharge next turn.",NA,135
"426","Rock Blast","ROCK","Physical",25,90,10,NA,"Hits 25 times in one turn.",NA,22.5
"427","Rock Climb","NORMAL","Physical",90,85,20,NA,"May confuse opponent.",20,76.5
"428","Rock Polish","ROCK","Status",NA,NA,20,"TM69","Sharply raises user's Speed.",NA,NA
"429","Rock Slide","ROCK","Physical",75,90,10,"TM80","May cause flinching.",30,67.5
"430","Rock Smash","FIGHTING","Physical",40,100,15,"TM94","May lower opponent's Defense.",50,40
"431","Rock Throw","ROCK","Physical",50,90,15,NA,NA,NA,45
"432","Rock Tomb","ROCK","Physical",50,80,10,"TM39","Lowers opponent's Speed.",100,40
"433","Rock Wrecker","ROCK","Physical",150,90,5,NA,"User must recharge next turn.",NA,135
"434","Role Play","PSYCHIC","Status",NA,NA,15,NA,"User copies the opponent's Ability.",NA,NA
"435","Rolling Kick","FIGHTING","Physical",60,85,15,NA,"May cause flinching.",30,51
"436","Rollout","ROCK","Physical",30,90,20,NA,"Doubles in power each turn for 5 turns.",NA,27
"437","Roost","FLYING","Status",NA,NA,10,NA,"User recovers 50% of its max HP. Flyingtype users are not immune to Groundtype moves immediately following this move.",NA,NA
"438","Rototiller","GROUND","Status",NA,NA,10,NA,"Raises Attack and Special Attack of Grasstypes.",NA,NA
"439","Round","NORMAL","Special",60,100,15,"TM48","Power increases each turn if multiple Pokémon in the team also use it.",NA,60
"440","Sacred Fire","FIRE","Physical",100,95,5,NA,"May burn opponent.",50,95
"441","Sacred Sword","FIGHTING","Physical",90,100,20,NA,"Ignores opponent's stat changes.",NA,90
"442","Safeguard","NORMAL","Status",NA,NA,25,"TM20","The user's party is protected from status conditions.",NA,NA
"443","Sand Tomb","GROUND","Physical",35,85,15,NA,"Traps opponent, damaging them for 45 turns.",NA,29.75
"444","SandAttack","GROUND","Status",NA,100,15,NA,"Lowers opponent's Accuracy.",NA,NA
"445","Sandstorm","ROCK","Status",NA,NA,10,"TM37","Creates a sandstorm for 5 turns.",NA,NA
"446","Scald","WATER","Special",80,100,15,"TM55","May burn opponent.",30,80
"447","Scary Face","NORMAL","Status",NA,100,10,NA,"Sharply lowers opponent's Speed.",NA,NA
"448","Scratch","NORMAL","Physical",40,100,35,NA,NA,NA,40
"449","Screech","NORMAL","Status",NA,85,40,NA,"Sharply lowers opponent's Defense.",NA,NA
"450","Searing Shot","FIRE","Special",100,100,5,NA,"May burn opponent.",30,100
"451","Secret Power","NORMAL","Physical",70,100,20,NA,"Effects of the attack vary with the location.",30,70
"452","Secret Sword","FIGHTING","Special",85,100,10,NA,"Inflicts damage based on the target's Defense, not Special Defense.",NA,85
"453","Seed Bomb","GRASS","Physical",80,100,15,NA,NA,NA,80
"454","Seed Flare","GRASS","Special",120,85,5,NA,"May lower opponent's Special Defense.",40,102
"455","Seismic Toss","FIGHTING","Physical",NA,100,20,NA,"Inflicts damage equal to user's level.",NA,NA
"456","Selfdestruct","NORMAL","Physical",200,100,5,NA,"User faints.",NA,200
"457","Shadow Ball","GHOST","Special",80,100,15,"TM30","May lower opponent's Special Defense.",20,80
"458","Shadow Claw","GHOST","Physical",70,100,15,"TM65","High critical hit ratio.",NA,70
"459","Shadow Force","GHOST","Physical",120,100,5,NA,"Disappears on first turn, attacks on second. Can strike through Protect/Detect.",NA,120
"460","Shadow Punch","GHOST","Physical",60,NA,20,NA,"Ignores Accuracy and Evasiveness.",NA,NA
"461","Shadow Sneak","GHOST","Physical",40,100,30,NA,"User attacks first.",NA,40
"462","Sharpen","NORMAL","Status",NA,NA,30,NA,"Raises user's Attack.",NA,NA
"463","Sheer Cold","ICE","Special",NA,NA,5,NA,"OneHitKO, if it hits.",NA,NA
"464","Shell Smash","NORMAL","Status",NA,NA,15,NA,"Sharply raises user's Attack, Special Attack and Speed but lowers Defense and Special Defense.",NA,NA
"465","Shift Gear","STEEL","Status",NA,NA,10,NA,"Raises user's Attack and sharply raises Speed.",NA,NA
"466","Shock Wave","ELECTRIC","Special",60,NA,20,NA,"Ignores Accuracy and Evasiveness.",NA,NA
"467","Signal Beam","BUG","Special",75,100,15,NA,"May confuse opponent.",10,75
"468","Silver Wind","BUG","Special",60,100,5,NA,"May raise all stats of user at once.",10,60
"469","Simple Beam","NORMAL","Status",NA,100,15,NA,"Changes target's ability to Simple.",NA,NA
"470","Sing","NORMAL","Status",NA,55,15,NA,"Puts the opponent to sleep, if it hits.",100,NA
"471","Sketch","NORMAL","Status",NA,NA,1,NA,"Permanently copies the opponent's last move.",NA,NA
"472","Skill Swap","PSYCHIC","Status",NA,NA,10,NA,"The user swaps Abilities with the opponent.",NA,NA
"473","Skull Bash","NORMAL","Physical",100,100,15,NA,"Raises Defense on first turn, attacks on second.",100,100
"474","Sky Attack","FLYING","Physical",140,90,5,NA,"Charges on first turn, attacks on second. May cause flinching.",30,126
"475","Sky Drop","FLYING","Physical",60,100,10,"TM58","Takes opponent into the air on first turn, drops them on second turn.",NA,60
"476","Sky Uppercut","FIGHTING","Physical",85,90,15,NA,"Hits the opponent, even during Fly.",NA,76.5
"477","Slack Off","NORMAL","Status",NA,NA,10,NA,"User recovers 50% of its max HP.",NA,NA
"478","Slam","NORMAL","Physical",80,75,20,NA,NA,NA,60
"479","Slash","NORMAL","Physical",70,100,20,NA,"High critical hit ratio.",NA,70
"480","Sleep Powder","GRASS","Status",NA,75,15,NA,"Puts the opponent to sleep, if it hits.",NA,NA
"481","Sleep Talk","NORMAL","Status",NA,NA,10,NA,"User performs one of its own moves while sleeping.",NA,NA
"482","Sludge","POISON","Special",65,100,20,NA,"May poison opponent.",30,65
"483","Sludge Bomb","POISON","Special",90,100,10,"TM36","May poison opponent.",30,90
"484","Sludge Wave","POISON","Special",95,100,10,"TM34","May poison opponent.",10,95
"485","Smack Down","ROCK","Physical",50,100,15,"TM23","Makes Flyingtype Pokémon vulnerable to Ground moves.",100,50
"486","SmellingSalt","NORMAL","Physical",60,100,10,NA,"Power increases when used on a paralyzed opponent, but cures it.",NA,60
"487","Smog","POISON","Special",20,70,20,NA,"May poison opponent.",40,14
"488","SmokeScreen","NORMAL","Status",NA,100,20,NA,"Lowers opponent's Accuracy.",NA,NA
"489","Snarl","DARK","Special",55,95,15,"TM95","Lowers opponent's Special Attack.",100,52.25
"490","Snatch","DARK","Status",NA,NA,10,NA,"Steals the effects of the opponent's next move.",NA,NA
"491","Snore","NORMAL","Special",40,100,15,NA,"Can only be used if asleep. May cause flinching.",30,40
"492","Soak","WATER","Status",NA,100,20,NA,"Changes the target's type to water.",NA,NA
"493","Softboiled","NORMAL","Status",NA,NA,10,NA,"User recovers 50% of its max HP.",NA,NA
"494","SolarBeam","GRASS","Special",120,100,10,"TM22","Charges on first turn, attacks on second.",NA,120
"495","SonicBoom","NORMAL","Special",NA,90,20,NA,"Always inflicts 20 HP.",NA,NA
"496","Spacial Rend","DRAGON","Special",100,95,5,NA,"High critical hit ratio.",NA,95
"497","Spark","ELECTRIC","Physical",65,100,20,NA,"May paralyze opponent.",30,65
"498","Spider Web","BUG","Status",NA,NA,10,NA,"Opponent cannot escape/switch.",NA,NA
"499","Spike Cannon","NORMAL","Physical",20,100,15,NA,"Hits 25 times in one turn.",NA,20
"500","Spikes","GROUND","Status",NA,NA,20,NA,"Hurts opponents when they switch into battle.",NA,NA
"501","Spiky Shield","GRASS","Status",NA,NA,10,NA,"Protects user and inflicts damage on contact moves.",NA,NA
"502","Spit Up","NORMAL","Special",NA,100,10,NA,"Power depends on how many times the user performed Stockpile.",NA,NA
"503","Spite","GHOST","Status",NA,100,10,NA,"The opponent's last move loses 25 PP.",NA,NA
"504","Splash","NORMAL","Status",NA,NA,40,NA,"Doesn't do ANYTHING.",NA,NA
"505","Spore","GRASS","Status",NA,100,15,NA,"Puts the opponent to sleep.",100,NA
"506","Stealth Rock","ROCK","Status",NA,NA,20,NA,"Damages opponent switching into battle.",NA,NA
"507","Steamroller","BUG","Physical",65,100,20,NA,"May cause flinching.",30,65
"508","Steel Wing","STEEL","Physical",70,90,25,NA,"May raise user's Defense.",10,63
"509","Sticky Web","BUG","Physical",NA,NA,20,NA,"Lowers opponent's Speed when switching into battle.",NA,NA
"510","Stockpile","NORMAL","Status",NA,NA,20,NA,"Stores energy for use with Spit Up and Swallow.",NA,NA
"511","Stomp","NORMAL","Physical",65,100,20,NA,"May cause flinching.",30,65
"512","Stone Edge","ROCK","Physical",100,80,5,"TM71","High critical hit ratio.",NA,80
"513","Stored Power","PSYCHIC","Special",20,100,10,NA,"Power increases when user's stats have been raised.",NA,20
"514","Storm Throw","FIGHTING","Physical",40,100,10,NA,"Always results in a critical hit.",NA,40
"515","Strength","NORMAL","Physical",80,100,15,"HM04",NA,NA,80
"516","String Shot","BUG","Status",NA,95,40,NA,"Lowers opponent's Speed.",NA,NA
"517","Struggle","NORMAL","Physical",50,100,NA,NA,"Only usable when all PP are gone. Hurts the user.",NA,50
"518","Struggle Bug","BUG","Special",30,100,20,"TM76","Lowers opponent's Special Attack.",100,30
"519","Stun Spore","GRASS","Status",NA,75,30,NA,"Paralyzes opponent.",NA,NA
"520","Submission","FIGHTING","Physical",80,80,25,NA,"User receives recoil damage.",NA,64
"521","Substitute","NORMAL","Status",NA,NA,10,"TM90","Uses HP to creates a decoy that takes hits.",NA,NA
"522","Sucker Punch","DARK","Physical",80,100,5,NA,"User attacks first, but only works if opponent is readying an attack.",NA,80
"523","Sunny Day","FIRE","Status",NA,NA,5,"TM11","Makes it sunny for 5 turns.",NA,NA
"524","Super Fang","NORMAL","Physical",NA,90,10,NA,"Always takes off half of the opponent's HP.",NA,NA
"525","Superpower","FIGHTING","Physical",120,100,5,NA,"Lowers user's Attack and Defense.",NA,120
"526","Supersonic","NORMAL","Status",NA,55,20,NA,"Confuses opponent.",NA,NA
"527","Surf","WATER","Special",95,100,15,"HM03",NA,NA,95
"528","Swagger","NORMAL","Status",NA,90,15,"TM87","Opponent becomes confused, but its Attack is raised two stages.",NA,NA
"529","Swallow","NORMAL","Status",NA,NA,10,NA,"The more times the user has performed Stockpile, the more HP is recovered.",NA,NA
"530","Sweet Kiss","FAIRY","Status",NA,75,10,NA,"Confuses opponent.",NA,NA
"531","Sweet Scent","NORMAL","Status",NA,NA,20,NA,"Lowers opponent's Evasiveness.",NA,NA
"532","Swift","NORMAL","Special",60,NA,20,NA,"Ignores Accuracy and Evasiveness.",NA,NA
"533","Switcheroo","DARK","Status",NA,100,15,NA,"Swaps held items with the opponent.",NA,NA
"534","Swords Dance","NORMAL","Status",NA,NA,30,"TM75","Sharply raises user's Attack.",NA,NA
"535","Synchronoise","PSYCHIC","Special",70,100,15,NA,"Hits any Pokémon that shares a type with the user.",NA,70
"536","Synthesis","GRASS","Status",NA,NA,5,NA,"User recovers HP. Amount varies with the weather.",NA,NA
"537","Tackle","NORMAL","Physical",50,100,35,NA,NA,NA,50
"538","Tail Glow","BUG","Status",NA,NA,20,NA,"Drastically raises user's Special Attack.",NA,NA
"539","Tail Slap","NORMAL","Physical",25,85,10,NA,"Hits 25 times in one turn.",NA,21.25
"540","Tail Whip","NORMAL","Status",NA,100,30,NA,"Lowers opponent's Defense.",NA,NA
"541","Tailwind","FLYING","Status",NA,NA,30,NA,"Doubles Speed for 4 turns.",NA,NA
"542","Take Down","NORMAL","Physical",90,85,20,NA,"User receives recoil damage.",NA,76.5
"543","Taunt","DARK","Status",NA,100,20,"TM12","Opponent can only use moves that attack.",NA,NA
"544","Techno Blast","NORMAL","Special",85,100,5,NA,"If the user is holding a plate, the damage inflicted will match it.",NA,85
"545","Teeter Dance","NORMAL","Status",NA,100,20,NA,"Confuses all Pokémon.",NA,NA
"546","Telekinesis","PSYCHIC","Status",NA,NA,15,"TM19","Ignores opponent's Evasiveness for three turns, add Ground immunity.",NA,NA
"547","Teleport","PSYCHIC","Status",NA,NA,20,NA,"Allows user to switch out. In the wild, the battle ends.",NA,NA
"548","Thief","DARK","Physical",40,100,10,"TM46","Also steals opponent's held item.",NA,40
"549","Thrash","NORMAL","Physical",120,100,10,NA,"User attacks for 23 turns but then becomes confused.",NA,120
"550","Thunder","ELECTRIC","Special",120,70,10,"TM25","May paralyze opponent.",30,84
"551","Thunder Fang","ELECTRIC","Physical",65,95,15,NA,"May cause flinching and/or paralyze opponent.",10,61.75
"552","Thunder Wave","ELECTRIC","Status",NA,100,20,"TM73","Paralyzes opponent.",100,NA
"553","ThunderPunch","ELECTRIC","Physical",75,100,15,NA,"May paralyze opponent.",10,75
"554","ThunderShock","ELECTRIC","Special",40,100,30,NA,"May paralyze opponent.",10,40
"555","Thunderbolt","ELECTRIC","Special",95,100,15,"TM24","May paralyze opponent.",10,95
"556","Tickle","NORMAL","Status",NA,100,20,NA,"Lowers opponent's Attack and Defense.",NA,NA
"557","TopsyTurvy","DARK","Status",NA,100,20,NA,"Reverses stat changes of opponent.",NA,NA
"558","Torment","DARK","Status",NA,100,15,"TM41","Opponent cannot use the same move in a row.",NA,NA
"559","Toxic","POISON","Status",NA,90,10,"TM06","Badly poisons opponent.",NA,NA
"560","Toxic Spikes","POISON","Status",NA,NA,20,NA,"Poisons opponents when they switch into battle.",NA,NA
"561","Transform","NORMAL","Status",NA,NA,10,NA,"User takes on the form and attacks of the opponent.",NA,NA
"562","Tri Attack","NORMAL","Special",80,100,10,NA,"May paralyze, burn or freeze opponent.",20,80
"563","Trick","PSYCHIC","Status",NA,100,10,NA,"Swaps held items with the opponent.",NA,NA
"564","Trick Room","PSYCHIC","Status",NA,NA,5,"TM92","Slower Pokémon move first in the turn for 5 turns.",NA,NA
"565","TrickorTreat","GHOST","Status",NA,100,20,NA,"Turns opponents into Ghost type.",NA,NA
"566","Triple Kick","FIGHTING","Physical",10,90,10,NA,"Hits thrice in one turn at increasing power.",NA,9
"567","Trump Card","NORMAL","Special",NA,NA,5,NA,"The lower the PP, the higher the power.",NA,NA
"568","Twineedle","BUG","Physical",25,100,20,NA,"Hits twice in one turn. May poison opponent.",20,25
"569","Twister","DRAGON","Special",40,100,20,NA,"May cause flinching. Hits Pokémon using Fly/Bounce with double power.",20,40
"570","Uturn","BUG","Physical",70,100,20,"TM89","User switches out immediately after attacking.",NA,70
"571","Uproar","NORMAL","Special",90,100,10,NA,"User attacks for 3 turns and prevents sleep.",NA,90
"572","Vcreate","FIRE","Physical",180,95,5,NA,"Lowers user's Defense, Special Defense and Speed.",100,171
"573","Vacuum Wave","FIGHTING","Special",40,100,30,NA,"User attacks first.",NA,40
"574","Venom Drench","POISON","Status",NA,100,20,NA,"Lowers poisoned opponent's Special Attack and Speed.",NA,NA
"575","Venoshock","POISON","Special",65,100,10,"TM09","Inflicts double damage if the target is poisoned.",NA,65
"576","ViceGrip","NORMAL","Physical",55,100,30,NA,NA,NA,55
"577","Vine Whip","GRASS","Physical",35,100,15,NA,NA,NA,35
"578","Vital Throw","FIGHTING","Physical",70,NA,10,NA,"User attacks last, but ignores Accuracy and Evasiveness.",NA,NA
"579","Volt Switch","ELECTRIC","Special",70,100,20,"TM72","User must switch out after attacking.",NA,70
"580","Volt Tackle","ELECTRIC","Physical",120,100,15,NA,"User receives recoil damage. May paralyze opponent.",10,120
"581","WakeUp Slap","FIGHTING","Physical",60,100,10,NA,"Power doubles if used on a sleeping opponent, but wakes it up.",NA,60
"582","Water Gun","WATER","Special",40,100,25,NA,NA,NA,40
"583","Water Pledge","WATER","Special",50,100,10,NA,"Added effects appear if preceded by Fire Pledge or succeeded by Grass Pledge.",NA,50
"584","Water Pulse","WATER","Special",60,100,20,NA,"May confuse opponent.",20,60
"585","Water Shuriken","WATER","Physical",15,100,10,NA,"Hits 25 times in one turn.",NA,15
"586","Water Sport","WATER","Status",NA,NA,15,NA,"Weakens the power of Firetype moves.",NA,NA
"587","Water Spout","WATER","Special",150,100,5,NA,"The higher the user's HP, the higher the damage caused.",NA,150
"588","Waterfall","WATER","Physical",80,100,15,"HM05","May cause flinching.",20,80
"589","Weather Ball","NORMAL","Special",50,100,10,NA,"Move's power and type changes with the weather.",NA,50
"590","Whirlpool","WATER","Special",35,85,15,NA,"Traps opponent, damaging them for 45 turns.",NA,29.75
"591","Whirlwind","NORMAL","Status",NA,100,20,NA,"In battles, the opponent switches. In the wild, the Pokémon runs.",NA,NA
"592","Wide Guard","ROCK","Status",NA,NA,10,NA,"Protects the user's team from multitarget attacks.",NA,NA
"593","Wild Charge","ELECTRIC","Physical",90,100,15,"TM93","User receives recoil damage.",NA,90
"594","WillOWisp","FIRE","Status",NA,75,15,"TM61","Burns opponent.",100,NA
"595","Wing Attack","FLYING","Physical",60,100,35,NA,NA,NA,60
"596","Wish","NORMAL","Status",NA,NA,10,NA,"The user recovers HP in the following turn.",NA,NA
"597","Withdraw","WATER","Status",NA,NA,40,NA,"Raises user's Defense.",NA,NA
"598","Wonder Room","PSYCHIC","Status",NA,NA,10,NA,"Swaps every Pokémon's Defense and Special Defense for 5 turns.",NA,NA
"599","Wood Hammer","GRASS","Physical",120,100,15,NA,"User receives recoil damage.",NA,120
"600","Work Up","NORMAL","Status",NA,NA,30,"TM83","Raises user's Attack and Special Attack.",NA,NA
"601","Worry Seed","GRASS","Status",NA,100,10,NA,"Changes the opponent's Ability to Insomnia.",NA,NA
"602","Wrap","NORMAL","Physical",15,90,20,NA,"Traps opponent, damaging them for 45 turns.",NA,13.5
"603","Wring Out","NORMAL","Special",NA,100,5,NA,"The higher the opponent's HP, the higher the damage.",NA,NA
"604","XScissor","BUG","Physical",80,100,15,"TM81",NA,NA,80
"605","Yawn","NORMAL","Status",NA,NA,10,NA,"Puts the opponent to sleep in the following turn.",NA,NA
"606","Zap Cannon","ELECTRIC","Special",120,50,5,NA,"Paralyzes opponent.",100,60
"607","Zen Headbutt","PSYCHIC","Physical",80,90,15,NA,"May cause flinching.",20,72
